"Marca temporal","En que provincia vive?","¬øQu√© clase de veh√≠culo/s conduce?","¬øAlguna vez fue el protagonista de alg√∫n accidente?","Seleccione una o mas razones por las que ocurri√≥ el accidente:","¬øAlguna vez fue victima de un accidente?","Seleccione una o mas razones por las que ocurri√≥ el accidente:","¬øUsted esta atento/a a los puntos ciegos de su veh√≠culo?","¬øConsidera una molestia los puntos ciegos de su veh√≠culo?","Indique que tan molestos son los puntos ciegos comparados con otras molestias "
"2022/04/11 5:32:56 p.¬†m. GMT-3","","Auto","No","","No","","S√≠","S√≠","6"
"2022/04/11 5:34:23 p.¬†m. GMT-3","","Auto","S√≠","No fren√≥ a tiempo","S√≠","El protagonista no freno a tiempo;El protagonista venia distra√≠do","S√≠","S√≠","5"
"2022/04/11 5:38:11 p.¬†m. GMT-3","","Auto","Estuve cerca","Cometi√≥ una infracci√≥n de transito","No","Por que son pelotudos para manejar.","S√≠","S√≠","2"
"2022/04/11 5:38:31 p.¬†m. GMT-3","","Auto","Estuve cerca","No fren√≥ a tiempo;No vio a la victima","Estuve cerca","","S√≠","S√≠","10"
"2022/04/11 5:42:23 p.¬†m. GMT-3","","Auto","Estuve cerca","No vio a la victima","Estuve cerca","El protagonista venia distra√≠do","S√≠","S√≠","4"
"2022/04/11 5:50:18 p.¬†m. GMT-3","","Auto","No","no tuve accidente üò°","Estuve cerca","pero es la misma pregunta que arriba ","No","No","8"
"2022/04/11 5:59:45 p.¬†m. GMT-3","","Auto","No","","No","","S√≠","S√≠","6"
"2022/04/11 6:11:52 p.¬†m. GMT-3","","Auto","No","","S√≠","El protagonista venia distra√≠do;No me vio","S√≠","S√≠","7"
"2022/04/12 3:31:29 p.¬†m. GMT-3","C√≥rdoba","Auto","Estuve cerca","No vio a la victima","Estuve cerca","El protagonista venia distra√≠do","S√≠","No","10"
"2022/04/12 3:33:07 p.¬†m. GMT-3","C√≥rdoba","Auto","No","","No","","S√≠","S√≠","5"
"2022/04/12 3:33:09 p.¬†m. GMT-3","C√≥rdoba","Auto","S√≠","No fren√≥ a tiempo","S√≠","El protagonista cometi√≥ una infracci√≥n de transito","S√≠","S√≠","10"
"2022/04/12 3:33:15 p.¬†m. GMT-3","C√≥rdoba","Auto","S√≠","No vio a la victima","S√≠","El protagonista venia distra√≠do","S√≠","S√≠","5"
"2022/04/12 3:33:24 p.¬†m. GMT-3","C√≥rdoba","Auto","S√≠","No fren√≥ a tiempo;No vio a la victima","S√≠","El protagonista no freno a tiempo;El protagonista venia distra√≠do","No","S√≠","8"
"2022/04/12 3:33:44 p.¬†m. GMT-3","C√≥rdoba","Auto","S√≠","No vio a la victima","No","","S√≠","S√≠","9"
"2022/04/12 3:34:00 p.¬†m. GMT-3","","Auto","Estuve cerca","Cometi√≥ una infracci√≥n de transito","No","El protagonista cometi√≥ una infracci√≥n de transito","S√≠","S√≠","9"
"2022/04/12 3:34:10 p.¬†m. GMT-3","C√≥rdoba","Auto","S√≠","No fren√≥ a tiempo","S√≠","El protagonista no freno a tiempo","S√≠","S√≠","7"
"2022/04/12 3:34:19 p.¬†m. GMT-3","C√≥rdoba","Auto","S√≠","No vio a la victima","No","El protagonista cometi√≥ una infracci√≥n de transito","S√≠","S√≠","6"
"2022/04/12 3:34:39 p.¬†m. GMT-3","C√≥rdoba","Auto","S√≠","No fren√≥ a tiempo","S√≠","El protagonista no freno a tiempo;El protagonista venia distra√≠do","S√≠","S√≠","10"
"2022/04/12 3:35:22 p.¬†m. GMT-3","C√≥rdoba","Colectivo/Traffic","No","","S√≠","El protagonista venia distra√≠do","S√≠","S√≠","8"
"2022/04/12 3:35:45 p.¬†m. GMT-3","C√≥rdoba","Auto","S√≠","No fren√≥ a tiempo","S√≠","El protagonista no freno a tiempo","S√≠","S√≠","7"
"2022/04/12 3:35:50 p.¬†m. GMT-3","C√≥rdoba","Auto","No","","S√≠","El protagonista venia distra√≠do","S√≠","S√≠","4"
"2022/04/12 3:36:03 p.¬†m. GMT-3","C√≥rdoba","Auto","S√≠","No frenaron a tiempo","","","S√≠","S√≠","6"
"2022/04/12 3:36:30 p.¬†m. GMT-3","C√≥rdoba","Auto","S√≠","No fren√≥ a tiempo","S√≠","El protagonista cometi√≥ una infracci√≥n de transito","No","S√≠","3"
"2022/04/12 3:36:34 p.¬†m. GMT-3","C√≥rdoba","Auto","S√≠","Me chocaron","S√≠","El protagonista no freno a tiempo","S√≠","No","4"
"2022/04/12 3:36:42 p.¬†m. GMT-3","C√≥rdoba","Auto","S√≠","No fren√≥ a tiempo","S√≠","El protagonista no freno a tiempo","S√≠","S√≠","8"
"2022/04/12 3:37:02 p.¬†m. GMT-3","C√≥rdoba","Auto","S√≠","No vio a la victima","S√≠","No se ve√≠a que hab√≠a lomada y fue fatal","No","S√≠","9"
"2022/04/12 3:37:54 p.¬†m. GMT-3","C√≥rdoba","Auto","S√≠","No fren√≥ a tiempo","No","El protagonista no freno a tiempo","S√≠","S√≠","8"
"2022/04/12 3:37:57 p.¬†m. GMT-3","C√≥rdoba","Auto","Estuve cerca","Punto ciego","No","","S√≠","S√≠","9"
"2022/04/12 3:38:14 p.¬†m. GMT-3","Tucum√°n","Auto","S√≠","No fren√≥ a tiempo","S√≠","El protagonista cometi√≥ una infracci√≥n de transito","S√≠","S√≠","7"
"2022/04/12 3:38:52 p.¬†m. GMT-3","C√≥rdoba","Auto","No","No fren√≥ a tiempo","No","El protagonista no freno a tiempo","S√≠","No","4"
"2022/04/12 3:39:59 p.¬†m. GMT-3","C√≥rdoba","Auto","No","","S√≠","El protagonista cometi√≥ una infracci√≥n de transito","S√≠","S√≠","6"
"2022/04/12 3:40:42 p.¬†m. GMT-3","C√≥rdoba","Auto","S√≠","No fren√≥ a tiempo","S√≠","El protagonista venia distra√≠do","S√≠","S√≠","8"
"2022/04/12 3:42:05 p.¬†m. GMT-3","C√≥rdoba","Auto","S√≠","No vio a la victima","S√≠","El protagonista venia distra√≠do","S√≠","S√≠","7"
"2022/04/12 3:42:52 p.¬†m. GMT-3","C√≥rdoba","Auto","S√≠","No fren√≥ a tiempo;Cometi√≥ una infracci√≥n de transito","S√≠","El protagonista no freno a tiempo;El protagonista venia distra√≠do;El protagonista cometi√≥ una infracci√≥n de transito","S√≠","S√≠","10"
"2022/04/12 3:42:57 p.¬†m. GMT-3","C√≥rdoba","Auto","S√≠","No fren√≥ a tiempo","No","","S√≠","S√≠","8"
"2022/04/12 3:43:32 p.¬†m. GMT-3","C√≥rdoba","Auto","S√≠","No vio a la victima","No","El protagonista cometi√≥ una infracci√≥n de transito","S√≠","S√≠","9"
"2022/04/12 3:44:18 p.¬†m. GMT-3","C√≥rdoba","Auto","S√≠","No vio a la victima","No","El protagonista venia distra√≠do","S√≠","S√≠","8"
"2022/04/12 3:44:26 p.¬†m. GMT-3","C√≥rdoba","Auto","S√≠","No fren√≥ a tiempo","S√≠","El protagonista venia distra√≠do;El protagonista cometi√≥ una infracci√≥n de transito","S√≠","S√≠","10"
"2022/04/12 3:44:36 p.¬†m. GMT-3","C√≥rdoba","Auto","S√≠","No fren√≥ a tiempo","S√≠","El protagonista venia distra√≠do","S√≠","S√≠","7"
"2022/04/12 3:44:43 p.¬†m. GMT-3","C√≥rdoba","Camioneta. ","S√≠","No fren√≥ a tiempo","No","El protagonista no freno a tiempo","S√≠","S√≠","8"
"2022/04/12 3:44:46 p.¬†m. GMT-3","C√≥rdoba","Auto","S√≠","No fren√≥ a tiempo","S√≠","El protagonista cometi√≥ una infracci√≥n de transito","S√≠","S√≠","10"
"2022/04/12 3:44:55 p.¬†m. GMT-3","C√≥rdoba","Auto","No","","No","","S√≠","S√≠","8"
"2022/04/12 3:46:00 p.¬†m. GMT-3","C√≥rdoba","Auto","S√≠","No vio a la victima","S√≠","El protagonista no freno a tiempo","S√≠","S√≠","8"
"2022/04/12 3:46:25 p.¬†m. GMT-3","C√≥rdoba","Auto","S√≠","Por mirar el celular","S√≠","El protagonista venia distra√≠do","S√≠","S√≠","7"
"2022/04/12 3:46:36 p.¬†m. GMT-3","C√≥rdoba","Auto","Estuve cerca","No fren√≥ a tiempo","S√≠","El protagonista no freno a tiempo","S√≠","S√≠","7"
"2022/04/12 3:47:50 p.¬†m. GMT-3","C√≥rdoba","Auto","No","Cometi√≥ una infracci√≥n de transito","S√≠","El protagonista cometi√≥ una infracci√≥n de transito","No","No","6"
"2022/04/12 3:48:02 p.¬†m. GMT-3","C√≥rdoba","Auto","S√≠","Distracci√≥n","S√≠","El protagonista no freno a tiempo;El protagonista venia distra√≠do","S√≠","S√≠","8"
"2022/04/12 3:48:09 p.¬†m. GMT-3","C√≥rdoba","Auto","S√≠","No fren√≥ a tiempo","S√≠","El protagonista venia distra√≠do","S√≠","S√≠","6"
"2022/04/12 3:48:17 p.¬†m. GMT-3","C√≥rdoba","Auto;Moto","S√≠","No fren√≥ a tiempo","S√≠","El protagonista no freno a tiempo;El protagonista venia distra√≠do","S√≠","S√≠","8"
"2022/04/12 3:48:24 p.¬†m. GMT-3","C√≥rdoba","Auto","S√≠","No vio a la victima","No","","No","S√≠","5"
"2022/04/12 3:48:43 p.¬†m. GMT-3","C√≥rdoba","Auto","No","","No","","No","No","7"
"2022/04/12 3:50:56 p.¬†m. GMT-3","","Auto","No","","S√≠","El protagonista no freno a tiempo","S√≠","S√≠","5"
"2022/04/12 3:51:27 p.¬†m. GMT-3","C√≥rdoba","Auto","No","","S√≠","El protagonista venia distra√≠do","S√≠","No","6"
"2022/04/12 3:52:53 p.¬†m. GMT-3","C√≥rdoba","Auto","S√≠","No fren√≥ a tiempo","No","","No","S√≠","7"
"2022/04/12 3:53:33 p.¬†m. GMT-3","C√≥rdoba","Auto","No","","No","","S√≠","S√≠","10"
"2022/04/12 3:54:07 p.¬†m. GMT-3","C√≥rdoba","Auto","S√≠","No fren√≥ a tiempo","S√≠","El protagonista venia distra√≠do","S√≠","S√≠","8"
"2022/04/12 3:54:16 p.¬†m. GMT-3","C√≥rdoba","Auto","Estuve cerca","No vio a la victima","No","El protagonista venia distra√≠do","S√≠","S√≠","7"
"2022/04/12 3:55:04 p.¬†m. GMT-3","C√≥rdoba","Auto","No","","No","","S√≠","S√≠","9"
"2022/04/12 3:55:15 p.¬†m. GMT-3","R√≠o Negro","Camioneta","No","","No","","S√≠","S√≠","8"
"2022/04/12 3:57:12 p.¬†m. GMT-3","C√≥rdoba","Auto","S√≠","No fren√≥ a tiempo","No","","S√≠","S√≠","10"
"2022/04/12 3:57:19 p.¬†m. GMT-3","Tucum√°n","Bici fija","S√≠","Estaban flojas las tuercas","No","El protagonista cometi√≥ una infracci√≥n de transito","No","S√≠","0"
"2022/04/12 3:57:20 p.¬†m. GMT-3","Tucum√°n","Auto","S√≠","No fren√≥ a tiempo","S√≠","El protagonista cometi√≥ una infracci√≥n de transito","No","S√≠","5"
"2022/04/12 3:58:17 p.¬†m. GMT-3","C√≥rdoba","Auto","No","","S√≠","El protagonista venia distra√≠do","S√≠","S√≠","6"
"2022/04/12 3:58:27 p.¬†m. GMT-3","C√≥rdoba","Auto","S√≠","No vio a la victima","No","El protagonista venia distra√≠do","No","S√≠","8"
"2022/04/12 3:59:57 p.¬†m. GMT-3","C√≥rdoba","Auto","S√≠","Me chocaron","S√≠","El protagonista no freno a tiempo","S√≠","S√≠","10"
"2022/04/12 4:00:01 p.¬†m. GMT-3","C√≥rdoba","Auto","S√≠","El conductor de adelante freno de golpe y lo choque. Fue leve","No","","S√≠","No","5"
"2022/04/12 4:03:21 p.¬†m. GMT-3","C√≥rdoba","Auto","S√≠","No fren√≥ a tiempo","S√≠","Me chocaron por el otro calcular mal el espacio ","S√≠","S√≠","6"
"2022/04/12 4:04:01 p.¬†m. GMT-3","C√≥rdoba","Auto","S√≠","No fren√≥ a tiempo","S√≠","El protagonista cometi√≥ una infracci√≥n de transito","S√≠","S√≠","10"
"2022/04/12 4:05:43 p.¬†m. GMT-3","C√≥rdoba","Auto","No","","S√≠","El protagonista venia distra√≠do","S√≠","S√≠","8"
"2022/04/12 4:06:50 p.¬†m. GMT-3","C√≥rdoba","Auto","Estuve cerca","No vio a la victima","S√≠","El protagonista no freno a tiempo;El protagonista venia distra√≠do","S√≠","S√≠","8"
"2022/04/12 4:11:39 p.¬†m. GMT-3","C√≥rdoba","Auto","No","","S√≠","El protagonista no freno a tiempo","S√≠","S√≠","7"
"2022/04/12 4:13:31 p.¬†m. GMT-3","C√≥rdoba","Auto","S√≠","No fren√≥ a tiempo","S√≠","El protagonista venia distra√≠do","S√≠","S√≠","7"
"2022/04/12 4:17:27 p.¬†m. GMT-3","C√≥rdoba","Auto","S√≠","No vio a la victima","S√≠","El protagonista venia distra√≠do","S√≠","S√≠","8"
"2022/04/12 4:18:35 p.¬†m. GMT-3","C√≥rdoba","Auto","No","","S√≠","El protagonista no freno a tiempo","S√≠","No","0"
"2022/04/12 4:19:34 p.¬†m. GMT-3","C√≥rdoba","Auto","S√≠","Se cruz√≥ un perro en la ruta y lo quise esquivar","No","El protagonista venia distra√≠do","S√≠","No","0"
"2022/04/12 4:22:31 p.¬†m. GMT-3","C√≥rdoba","Auto","S√≠","No fren√≥ a tiempo","S√≠","El protagonista cometi√≥ una infracci√≥n de transito","S√≠","S√≠","10"
"2022/04/12 4:24:35 p.¬†m. GMT-3","C√≥rdoba","Auto","S√≠","No vio a la victima","S√≠","El protagonista venia distra√≠do","No","S√≠","8"
"2022/04/12 4:26:32 p.¬†m. GMT-3","C√≥rdoba","Auto","S√≠","No fren√≥ a tiempo;No vio a la victima","No","","S√≠","S√≠","9"
"2022/04/12 4:26:57 p.¬†m. GMT-3","C√≥rdoba","Auto","Estuve cerca","Cometi√≥ una infracci√≥n de transito","S√≠","El protagonista cometi√≥ una infracci√≥n de transito","S√≠","S√≠","10"
"2022/04/12 4:27:18 p.¬†m. GMT-3","","Auto","S√≠","Me chocaron ","S√≠","El protagonista no freno a tiempo;El protagonista venia distra√≠do","S√≠","S√≠","6"
"2022/04/12 4:29:54 p.¬†m. GMT-3","C√≥rdoba","Auto","Estuve cerca","Se tiro para el costado ","No","El protagonista venia distra√≠do","S√≠","S√≠","8"
"2022/04/12 4:30:05 p.¬†m. GMT-3","C√≥rdoba","Auto","S√≠","No fren√≥ a tiempo","S√≠","El protagonista venia distra√≠do","S√≠","S√≠","9"
"2022/04/12 4:31:18 p.¬†m. GMT-3","C√≥rdoba","Auto","S√≠","Pise manchon dd aceite","S√≠","El protagonista cometi√≥ una infracci√≥n de transito","S√≠","S√≠","7"
"2022/04/12 4:36:53 p.¬†m. GMT-3","C√≥rdoba","Auto","No","","S√≠","El protagonista no freno a tiempo;El protagonista venia distra√≠do","S√≠","S√≠","5"
"2022/04/12 4:38:23 p.¬†m. GMT-3","C√≥rdoba","Auto","S√≠","Cometi√≥ una infracci√≥n de transito","No","","S√≠","S√≠","6"
"2022/04/12 4:40:17 p.¬†m. GMT-3","C√≥rdoba","Auto;Moto","S√≠","Cometi√≥ una infracci√≥n de transito","No","","No","S√≠","2"
"2022/04/12 4:40:52 p.¬†m. GMT-3","C√≥rdoba","Auto","S√≠","No fren√≥ a tiempo","No","","S√≠","S√≠","8"
"2022/04/12 4:42:03 p.¬†m. GMT-3","C√≥rdoba","Auto","Estuve cerca","No fren√≥ a tiempo","No","El protagonista venia distra√≠do","No","S√≠","8"
"2022/04/12 4:42:10 p.¬†m. GMT-3","C√≥rdoba","Auto","S√≠","Cometi√≥ una infracci√≥n de transito","S√≠","El protagonista no freno a tiempo;El protagonista venia distra√≠do","S√≠","S√≠","6"
"2022/04/12 4:43:22 p.¬†m. GMT-3","C√≥rdoba","Auto","No","","Estuve cerca","El protagonista venia distra√≠do;El protagonista cometi√≥ una infracci√≥n de transito","S√≠","S√≠","8"
"2022/04/12 4:46:40 p.¬†m. GMT-3","C√≥rdoba","Auto","S√≠","No fren√≥ a tiempo;No vio a la victima","S√≠","El protagonista no freno a tiempo;El protagonista venia distra√≠do","No","S√≠","10"
"2022/04/12 4:49:27 p.¬†m. GMT-3","C√≥rdoba","Auto","No","","No","","S√≠","S√≠","10"
"2022/04/12 4:50:38 p.¬†m. GMT-3","C√≥rdoba","Auto","S√≠","No fren√≥ a tiempo","No","El protagonista venia distra√≠do","S√≠","S√≠","8"
"2022/04/12 4:51:13 p.¬†m. GMT-3","C√≥rdoba","Auto","Estuve cerca","No vio a la victima","No","El protagonista no freno a tiempo","S√≠","S√≠","10"
"2022/04/12 4:55:20 p.¬†m. GMT-3","C√≥rdoba","Auto","S√≠","No vio a la victima","S√≠","El protagonista no freno a tiempo","S√≠","S√≠","10"
"2022/04/12 4:59:55 p.¬†m. GMT-3","C√≥rdoba","Auto","S√≠","No fren√≥ a tiempo","No","","S√≠","S√≠","8"
"2022/04/12 5:01:10 p.¬†m. GMT-3","C√≥rdoba","Auto","No","","No","","S√≠","S√≠","10"
"2022/04/12 5:02:20 p.¬†m. GMT-3","C√≥rdoba","Auto","Estuve cerca","No vio a la victima","No","","S√≠","S√≠","10"
"2022/04/12 5:03:39 p.¬†m. GMT-3","C√≥rdoba","Auto","Estuve cerca","Error de c√°lculo ","S√≠","El protagonista venia distra√≠do","S√≠","S√≠","8"
"2022/04/12 5:05:49 p.¬†m. GMT-3","C√≥rdoba","Auto","No","Nunca he tenido ","No","","S√≠","No","3"
"2022/04/12 5:12:42 p.¬†m. GMT-3","C√≥rdoba","Auto","S√≠","No fren√≥ a tiempo","S√≠","El protagonista cometi√≥ una infracci√≥n de transito","S√≠","S√≠","8"
"2022/04/12 5:12:56 p.¬†m. GMT-3","C√≥rdoba","Auto","Estuve cerca","","No","","S√≠","S√≠","7"
"2022/04/12 5:14:24 p.¬†m. GMT-3","C√≥rdoba","Auto","S√≠","","No","","S√≠","S√≠","8"
"2022/04/12 5:15:06 p.¬†m. GMT-3","C√≥rdoba","Auto","S√≠","No vio a la victima","S√≠","El protagonista cometi√≥ una infracci√≥n de transito","S√≠","S√≠","10"
"2022/04/12 5:15:54 p.¬†m. GMT-3","C√≥rdoba","Auto","No","","S√≠","El protagonista no freno a tiempo","S√≠","No","3"
"2022/04/12 5:16:42 p.¬†m. GMT-3","C√≥rdoba","Auto","S√≠","Me encerr√≥ un colectivo urbano","No","El protagonista cometi√≥ una infracci√≥n de transito","S√≠","S√≠","10"
"2022/04/12 5:18:02 p.¬†m. GMT-3","C√≥rdoba","Auto","No","","S√≠","El protagonista no freno a tiempo","S√≠","S√≠","8"
"2022/04/12 5:21:00 p.¬†m. GMT-3","C√≥rdoba","Auto","No","","No","","S√≠","S√≠","5"
"2022/04/12 5:30:50 p.¬†m. GMT-3","C√≥rdoba","Auto;Moto","No","","No","","S√≠","S√≠","8"
"2022/04/12 5:32:41 p.¬†m. GMT-3","C√≥rdoba","Auto","S√≠","No fren√≥ a tiempo","S√≠","El protagonista no freno a tiempo;El protagonista venia distra√≠do","S√≠","S√≠","10"
"2022/04/12 5:33:47 p.¬†m. GMT-3","C√≥rdoba","Auto","S√≠","No fren√≥ a tiempo","S√≠","El protagonista venia distra√≠do","S√≠","S√≠","7"
"2022/04/12 5:34:04 p.¬†m. GMT-3","C√≥rdoba","Auto","S√≠","No fren√≥ a tiempo","S√≠","El protagonista no freno a tiempo","S√≠","S√≠","4"
"2022/04/12 5:40:44 p.¬†m. GMT-3","C√≥rdoba","Auto","S√≠","Cometi√≥ una infracci√≥n de transito","S√≠","El protagonista cometi√≥ una infracci√≥n de transito","No","S√≠","10"
"2022/04/12 5:43:31 p.¬†m. GMT-3","C√≥rdoba","Auto","No","","No","","S√≠","S√≠","7"
"2022/04/12 5:53:11 p.¬†m. GMT-3","C√≥rdoba","Auto","S√≠","No fren√≥ a tiempo;Cometi√≥ una infracci√≥n de transito","S√≠","El protagonista venia distra√≠do","S√≠","S√≠","7"
"2022/04/12 5:55:18 p.¬†m. GMT-3","C√≥rdoba","Auto","No","","No","","S√≠","S√≠","9"
"2022/04/12 6:06:03 p.¬†m. GMT-3","C√≥rdoba","Auto","No","","S√≠","El protagonista venia distra√≠do","S√≠","No","6"
"2022/04/12 6:26:23 p.¬†m. GMT-3","C√≥rdoba","Auto","S√≠","No fren√≥ a tiempo;Cometi√≥ una infracci√≥n de transito","S√≠","El protagonista venia distra√≠do","No","No","6"
"2022/04/12 6:27:32 p.¬†m. GMT-3","C√≥rdoba","Auto","S√≠","No vio a la victima","S√≠","El protagonista no freno a tiempo","No","S√≠","3"
"2022/04/12 6:32:33 p.¬†m. GMT-3","C√≥rdoba","Auto","S√≠","No fren√≥ a tiempo","No","El protagonista no freno a tiempo","S√≠","S√≠","7"
"2022/04/12 6:35:19 p.¬†m. GMT-3","C√≥rdoba","Auto","S√≠","No fren√≥ a tiempo","No","","S√≠","S√≠","9"
"2022/04/12 6:41:24 p.¬†m. GMT-3","C√≥rdoba","Auto","S√≠","No fren√≥ a tiempo;No vio a la victima","S√≠","El protagonista no freno a tiempo;El protagonista cometi√≥ una infracci√≥n de transito","S√≠","S√≠","7"
"2022/04/12 6:45:04 p.¬†m. GMT-3","C√≥rdoba","Auto","S√≠","No fren√≥ a tiempo","S√≠","El protagonista cometi√≥ una infracci√≥n de transito","S√≠","S√≠","4"
"2022/04/12 6:50:27 p.¬†m. GMT-3","C√≥rdoba","Colectivo/Traffic","No","","No","","S√≠","S√≠","7"
"2022/04/12 6:53:53 p.¬†m. GMT-3","C√≥rdoba","Auto","S√≠","Me chocaron","S√≠","No me vio","S√≠","S√≠","8"
"2022/04/12 7:03:07 p.¬†m. GMT-3","C√≥rdoba","Auto","Estuve cerca","No fren√≥ a tiempo","No","","S√≠","S√≠","7"
"2022/04/12 7:05:37 p.¬†m. GMT-3","C√≥rdoba","Auto;Moto","S√≠","No vio a la victima","S√≠","El protagonista venia distra√≠do","S√≠","S√≠","10"
"2022/04/12 7:08:16 p.¬†m. GMT-3","C√≥rdoba","Auto","Estuve cerca","","No","El protagonista cometi√≥ una infracci√≥n de transito","S√≠","S√≠","9"
"2022/04/12 7:23:37 p.¬†m. GMT-3","C√≥rdoba","Auto","No","","No","","S√≠","S√≠","10"
"2022/04/12 7:34:01 p.¬†m. GMT-3","C√≥rdoba","Auto","Estuve cerca","","S√≠","El protagonista venia distra√≠do","S√≠","S√≠","7"
"2022/04/12 7:40:34 p.¬†m. GMT-3","C√≥rdoba","Auto","Estuve cerca","No vio a la victima","S√≠","El protagonista venia distra√≠do","S√≠","S√≠","7"
"2022/04/12 7:52:22 p.¬†m. GMT-3","C√≥rdoba","Auto","S√≠","El otro auto andaba a mucha velocidad ","S√≠","El protagonista cometi√≥ una infracci√≥n de transito","S√≠","S√≠","8"
"2022/04/12 8:00:10 p.¬†m. GMT-3","C√≥rdoba","Auto","S√≠","","S√≠","El protagonista venia distra√≠do","S√≠","S√≠","5"
"2022/04/12 8:08:04 p.¬†m. GMT-3","C√≥rdoba","Auto","Estuve cerca","No vio a la victima","No","El protagonista venia distra√≠do","S√≠","S√≠","9"
"2022/04/12 8:08:53 p.¬†m. GMT-3","C√≥rdoba","Auto","S√≠","No fren√≥ a tiempo","S√≠","El protagonista no freno a tiempo;El protagonista venia distra√≠do","S√≠","No","3"
"2022/04/12 8:15:58 p.¬†m. GMT-3","C√≥rdoba","Auto","S√≠","No fren√≥ a tiempo","S√≠","El protagonista cometi√≥ una infracci√≥n de transito","S√≠","S√≠","7"
"2022/04/12 8:17:36 p.¬†m. GMT-3","C√≥rdoba","Auto","Estuve cerca","No fren√≥ a tiempo;No vio a la victima","No","El protagonista venia distra√≠do","No","S√≠","7"
"2022/04/12 8:18:50 p.¬†m. GMT-3","C√≥rdoba","Auto","No","","No","","S√≠","S√≠","8"
"2022/04/12 8:25:47 p.¬†m. GMT-3","C√≥rdoba","Auto","S√≠","No vio a la victima","No","No lo.vi x el parante del auto","S√≠","S√≠","10"
"2022/04/12 8:32:58 p.¬†m. GMT-3","C√≥rdoba","Auto","No","","No","","S√≠","No","8"
"2022/04/12 8:52:57 p.¬†m. GMT-3","C√≥rdoba","Auto","S√≠","No vio a la victima","No","El protagonista venia distra√≠do","S√≠","S√≠","9"
"2022/04/12 9:09:29 p.¬†m. GMT-3","C√≥rdoba","Auto","Estuve cerca","No vio a la victima","No","","S√≠","S√≠","10"
"2022/04/12 9:34:58 p.¬†m. GMT-3","C√≥rdoba","Auto","Estuve cerca","‚Åπ","No","El protagonista venia distra√≠do;El protagonista cometi√≥ una infracci√≥n de transito","S√≠","S√≠","10"
"2022/04/12 9:36:30 p.¬†m. GMT-3","C√≥rdoba","Auto","S√≠","No vio a la victima;Dej√© sin freno de mano el auto y se fue sobre otro auto","S√≠","El protagonista no freno a tiempo;El protagonista venia distra√≠do;Me embistieron estando parada en el sem√°foro ","S√≠","S√≠","10"
"2022/04/12 9:45:31 p.¬†m. GMT-3","C√≥rdoba","Auto","No","","S√≠","el protagonista no me vio","S√≠","S√≠","10"
"2022/04/12 9:56:03 p.¬†m. GMT-3","","Moto","S√≠","No fren√≥ a tiempo","S√≠","El protagonista no freno a tiempo","S√≠","S√≠","7"
"2022/04/12 9:58:01 p.¬†m. GMT-3","C√≥rdoba","Auto","Estuve cerca","","S√≠","El protagonista no freno a tiempo;El protagonista cometi√≥ una infracci√≥n de transito;Estaba apurado.","S√≠","S√≠","8"
"2022/04/12 10:09:44 p.¬†m. GMT-3","C√≥rdoba","Auto","No","","No","","S√≠","No","8"
"2022/04/12 10:51:31 p.¬†m. GMT-3","C√≥rdoba","Auto","No","","No","","S√≠","S√≠","10"
"2022/04/12 11:32:25 p.¬†m. GMT-3","C√≥rdoba","Auto","No","","S√≠","El protagonista venia distra√≠do","S√≠","S√≠","7"
"2022/04/12 11:44:11 p.¬†m. GMT-3","C√≥rdoba","Auto","S√≠","No fren√≥ a tiempo","S√≠","El protagonista no freno a tiempo","S√≠","S√≠","8"
"2022/04/13 12:22:54 a.¬†m. GMT-3","C√≥rdoba","Auto","No","No tuve ning√∫n accidente ","No","No tuve ning√∫n accidente ","S√≠","No","0"
"2022/04/13 8:49:11 a.¬†m. GMT-3","C√≥rdoba","Moto","No","","S√≠","El protagonista cometi√≥ una infracci√≥n de transito","S√≠","S√≠","9"
"2022/04/13 11:18:28 a.¬†m. GMT-3","C√≥rdoba","Auto","Estuve cerca","No fren√≥ a tiempo","No","El protagonista no freno a tiempo","No","S√≠","5"
"2022/04/14 8:05:16 p.¬†m. GMT-3","San Juan","Auto","S√≠","Cometi√≥ una infracci√≥n de transito","S√≠","El protagonista cometi√≥ una infracci√≥n de transito","S√≠","S√≠","7"
"2022/04/14 8:07:44 p.¬†m. GMT-3","San Juan","Auto","No","","S√≠","Exceso de velocidad en curva","S√≠","S√≠","10"
"2022/04/17 11:15:01 a.¬†m. GMT-3","C√≥rdoba","Auto","S√≠","No vio a la victima","S√≠","El protagonista venia distra√≠do","S√≠","S√≠","5"
"2022/04/18 12:39:22 p.¬†m. GMT-3","C√≥rdoba","Auto","S√≠","Cometi√≥ una infracci√≥n de transito","S√≠","El protagonista no freno a tiempo;El protagonista cometi√≥ una infracci√≥n de transito","S√≠","S√≠","8"
"2022/04/18 7:06:32 p.¬†m. GMT-3","C√≥rdoba","Auto","No","","S√≠","El protagonista no freno a tiempo;El protagonista cometi√≥ una infracci√≥n de transito","S√≠","S√≠","9"
"2022/04/22 1:31:39 p.¬†m. GMT-3","C√≥rdoba","Auto","S√≠","No fren√≥ a tiempo","S√≠","El protagonista cometi√≥ una infracci√≥n de transito","S√≠","S√≠","4"
"2022/04/22 5:03:51 p.¬†m. GMT-3","C√≥rdoba","Auto","No","","No","","S√≠","S√≠","8"